iter	RMSE
0	0.3762795318
1	0.3760293897
2	0.3762793117
3	0.3760213552
4	0.376277212
5	0.3760214981
6	0.3719047922
7	0.3708437378
8	0.3719418503
9	0.3708408005
10	0.3719004659
11	0.3707778317
12	0.3664990174
13	0.3639229604
14	0.3666990022
15	0.3639827497
16	0.3667412489
17	0.3640678108
